url	imgUrl	order	shortHed
https://zambujo.github.io/nrpmap	nrpmap	1	Swiss NRPs
https://zambujo.github.io/eunets	eunets	2	H2020 Network
https://zbj-archive.github.io/swissresearch	swissresearch	3	SNSF Collabs
https://zambujo.github.io/ercstats	ercstats	4	ERC Statistics
https://zbj-labs.github.io/temperature_trends	temptrends	5	Temperature Trends
https://zambujo.github.io/headliner	headliner	6	headliner package
https://zambujo.github.io/snfbudget	snfbudget	7	SNSF Annual Budget
https://zambujo.github.io/r4data	r4d	7	R4D Projects
https://zambujo.github.io/swissparticipation	treemap	8	CH H2020 Participation
